{"Loss on TRAIN": 0.12494844198226929, "_timestamp": 1705985520.429763, "_runtime": 10.38306713104248, "_step": 11, "Metric MAE": 0.2476702257990837, "Loss on TEST": 0.11295480591555436, "_wandb": {"runtime": 9}}