{"Loss on TRAIN": 0.05147818103432655, "_timestamp": 1705980720.1411169, "_runtime": 38.45048785209656, "_step": 99, "_wandb": {"runtime": 468}}