{"Loss on TRAIN": 0.07811117172241211, "_timestamp": 1705985008.896876, "_runtime": 9.834019184112549, "_step": 11, "Metric MAE": 0.21204104150334993, "Loss on TEST": 0.0805177294338743, "_wandb": {"runtime": 8}}