{"Loss on TRAIN": 0.08639149367809296, "_timestamp": 1705985169.595069, "_runtime": 8.639736890792847, "_step": 11, "Metric MAE": 0.21770155057311058, "Loss on TEST": 0.10257697943598032, "_wandb": {"runtime": 7}}